Turn,Speaker,Cue,Response,Context,MLM response,System llh,MLM llh,Overall Human Rating,Interesting,Engaging,Specific,Relevant,Correct,Semantically Appropriate,Understandable,Fluent
0,ELIZA,,"Tell me something, anything!",, give  me  about  please ,0.2618981320410967,0.796561062335968,,,,,,,,,
1,BLENDERBOT,"Tell me something, anything!",Well," Tell me something, anything!",! ,0.0,0.31711289286613464,,,,,,,,,
2,ELIZA,Well,"Tell me something, anything!"," Tell me something, anything! Well"," tell  me ,  anything ",0.47614072263240814,0.8622269183397293,,,,,,,,,
3,BLENDERBOT,"Tell me something, anything!",Well," Tell me something, anything! Well Tell me something, anything!",! ,0.09492949396371841,0.19493114948272705,,,,,,,,,
4,ELIZA,Well,Would you like to chat? I'll do my best to keep up," Tell me something, anything! Well Tell me something, anything! Well", would  you  want  to ? i  try  my  best  to  keep  quiet ,0.5425917512426773,0.6920365480085214,,,,,,,,,
5,BLENDERBOT,Would you like to chat? I'll do my best to keep up,Sure," Tell me something, anything! Well Tell me something, anything! Well Would you like to chat? I'll do my best to keep up",! ,0.0,0.4161130487918854,,,,,,,,,
6,ELIZA,Sure,"Tell me something, anything!"," Tell me something, anything! Well Tell me something, anything! Well Would you like to chat? I'll do my best to keep up Sure"," tell  me ,  anything ",0.47608180344104767,0.952431932091713,,,,,,,,,
7,BLENDERBOT,"Tell me something, anything!",Well," Tell me something, anything! Well Tell me something, anything! Well Would you like to chat? I'll do my best to keep up Sure Tell me something, anything!", well ,0.5613632202148438,0.5613632202148438,,,,,,,,,
8,ELIZA,Well,Would you like to chat? I'll do my best to keep up," Tell me something, anything! Well Tell me something, anything! Well Would you like to chat? I'll do my best to keep up Sure Tell me something, anything! Well", would  you  like  to  chat i  do  my  best  to  keep  up ,0.8324412008126577,0.9522226204474767,,,,,,,,,
9,BLENDERBOT,Would you like to chat? I'll do my best to keep up,Sure," Tell me something, anything! Well Tell me something, anything! Well Would you like to chat? I'll do my best to keep up Sure Tell me something, anything! Well Would you like to chat? I'll do my best to keep up",! ,0.0,0.45698821544647217,,,,,,,,,
10,ELIZA,Sure,Please tell me more.," Tell me something, anything! Well Tell me something, anything! Well Would you like to chat? I'll do my best to keep up Sure Tell me something, anything! Well Would you like to chat? I'll do my best to keep up Sure", but  tell  me  something ,0.5444322600960732,0.7498898953199387,,,,,,,,,
11,BLENDERBOT,Please tell me more.,Sure what do you do for a living?," Tell me something, anything! Well Tell me something, anything! Well Would you like to chat? I'll do my best to keep up Sure Tell me something, anything! Well Would you like to chat? I'll do my best to keep up Sure Please tell me more.", so  what  do  you  do  for  a  living ,0.7304707393050194,0.8779165111482143,,,,,,,,,
12,ELIZA,Sure what do you do for a living?,Why do you ask that?," Tell me something, anything! Well Tell me something, anything! Well Would you like to chat? I'll do my best to keep up Sure Tell me something, anything! Well Would you like to chat? I'll do my best to keep up Sure Please tell me more. Sure what do you do for a living?", why  do  you  do ? ,0.4867305546998978,0.7466238737106323,,,,,,,,,
13,BLENDERBOT,Why do you ask that?,I 'm an accountant," Tell me something, anything! Well Tell me something, anything! Well Would you like to chat? I'll do my best to keep up Sure Tell me something, anything! Well Would you like to chat? I'll do my best to keep up Sure Please tell me more. Sure what do you do for a living? Why do you ask that?",i  am  an  engineer ,0.4579351383727044,0.8058857694268227,,,,,,,,,
14,ELIZA,I 'm an accountant,How do you feel when you say that?,"something, anything! Well Tell me something, anything! Well Would you like to chat? I'll do my best to keep up Sure Tell me something, anything! Well Would you like to chat? I'll do my best to keep up Sure Please tell me more. Sure what do you do for a living? Why do you ask that? I 'm an accountant", how  do  you  mean  when  you  say  you ,0.6071916669607162,0.7088619377464056,,,,,,,,,
15,BLENDERBOT,How do you feel when you say that?,I 'm an accountant what about you?,"omething, anything! Well Would you like to chat? I'll do my best to keep up Sure Tell me something, anything! Well Would you like to chat? I'll do my best to keep up Sure Please tell me more. Sure what do you do for a living? Why do you ask that? I 'm an accountant How do you feel when you say that?",i  am  an  accountant  how  about  you ,0.5550200677077685,0.8490651164736066,,,,,,,,,
16,ELIZA,I 'm an accountant what about you?,Why do you ask that?,"like to chat? I'll do my best to keep up Sure Tell me something, anything! Well Would you like to chat? I'll do my best to keep up Sure Please tell me more. Sure what do you do for a living? Why do you ask that? I 'm an accountant How do you feel when you say that? I 'm an accountant what about you?", why  do  you  ask  that ,0.7323306441307068,0.9019394993782044,,,,,,,,,
17,BLENDERBOT,Why do you ask that?,I do n't know," my best to keep up Sure Tell me something, anything! Well Would you like to chat? I'll do my best to keep up Sure Please tell me more. Sure what do you do for a living? Why do you ask that? I 'm an accountant How do you feel when you say that? I 'm an accountant what about you? Why do you ask that?", i  do  not  know ,0.528609111905098,0.7737540304660797,,,,,,,,,
18,ELIZA,I do n't know,Please tell me more.,"ep up Sure Tell me something, anything! Well Would you like to chat? I'll do my best to keep up Sure Please tell me more. Sure what do you do for a living? Why do you ask that? I 'm an accountant How do you feel when you say that? I 'm an accountant what about you? Why do you ask that? I do n't know",.  tell  me  more ,0.5475002862513065,0.836212582886219,,,,,,,,,
19,BLENDERBOT,Please tell me more.,I do n't know I guess I just feel like I 'm not good enough for them.,"mething, anything! Well Would you like to chat? I'll do my best to keep up Sure Please tell me more. Sure what do you do for a living? Why do you ask that? I 'm an accountant How do you feel when you say that? I 'm an accountant what about you? Why do you ask that? I do n't know Please tell me more.",i  do  not  know  i  guess  i  just  feel  like  i  am  not  doing  enough  for  you ,0.6874309567844167,0.8096839119406307,,,,,,,,,
20,ELIZA,I do n't know I guess I just feel like I 'm not good enough for them.,Let's change focus a bit... Tell me about your family.,p up Sure Please tell me more. Sure what do you do for a living? Why do you ask that? I 'm an accountant How do you feel when you say that? I 'm an accountant what about you? Why do you ask that? I do n't know Please tell me more. I do n't know I guess I just feel like I 'm not good enough for them., lets  just  topics  a  bit  tell  me  about  your  job ,0.4729831116041169,0.7053517699241638,,,,,,,,,
21,BLENDERBOT,Let's change focus a bit... Tell me about your family.,My family is very supportive.,a living? Why do you ask that? I 'm an accountant How do you feel when you say that? I 'm an accountant what about you? Why do you ask that? I do n't know Please tell me more. I do n't know I guess I just feel like I 'm not good enough for them. Let's change focus a bit... Tell me about your family., my  family  is  very  good ,0.5738386392593384,0.6068629175424576,,,,,,,,,
22,ELIZA,My family is very supportive.,Why do you say that your family is very supportive?, I 'm an accountant How do you feel when you say that? I 'm an accountant what about you? Why do you ask that? I do n't know Please tell me more. I do n't know I guess I just feel like I 'm not good enough for them. Let's change focus a bit... Tell me about your family. My family is very supportive.,why  do  you  say  that  your  family  is  very  supportive ,0.7362165689468384,0.8338957488536834,,,,,,,,,
23,BLENDERBOT,Why do you say that your family is very supportive?,They are always there for me when I need them.,t? I 'm an accountant what about you? Why do you ask that? I do n't know Please tell me more. I do n't know I guess I just feel like I 'm not good enough for them. Let's change focus a bit... Tell me about your family. My family is very supportive. Why do you say that your family is very supportive?, they  are  always  there  for  me  when  i  need  them ,0.8713305294513702,0.9294189631938934,,,,,,,,,
24,ELIZA,They are always there for me when I need them.,I see.  And what does that tell you?,u ask that? I do n't know Please tell me more. I do n't know I guess I just feel like I 'm not good enough for them. Let's change focus a bit... Tell me about your family. My family is very supportive. Why do you say that your family is very supportive? They are always there for me when I need them., i  guess e ia  what  does  that  mean  you ,0.3597604301240709,0.465307076772054,,,,,,,,,
25,BLENDERBOT,I see.  And what does that tell you?,It tells me that I need to get my life in order and that I am ready for the next step., me more. I do n't know I guess I just feel like I 'm not good enough for them. Let's change focus a bit... Tell me about your family. My family is very supportive. Why do you say that your family is very supportive? They are always there for me when I need them. I see.  And what does that tell you?, it  tells  me  that  i  need  to  get  my  life  in  order  and  that  i  am  ready  for  the  next  step ,0.8416655815783001,0.8504784859362102,,,,,,,,,
26,ELIZA,It tells me that I need to get my life in order and that I am ready for the next step.,Very interesting.,hange focus a bit... Tell me about your family. My family is very supportive. Why do you say that your family is very supportive? They are always there for me when I need them. I see.  And what does that tell you? It tells me that I need to get my life in order and that I am ready for the next step., very  true ,0.2083042860031128,0.3334379345178604,,,,,,,,,
27,BLENDERBOT,Very interesting.,Yes,.. Tell me about your family. My family is very supportive. Why do you say that your family is very supportive? They are always there for me when I need them. I see.  And what does that tell you? It tells me that I need to get my life in order and that I am ready for the next step. Very interesting.,e ,0.0,0.19826851785182953,,,,,,,,,
28,ELIZA,Yes,You seem quite sure.,ell me about your family. My family is very supportive. Why do you say that your family is very supportive? They are always there for me when I need them. I see.  And what does that tell you? It tells me that I need to get my life in order and that I am ready for the next step. Very interesting. Yes, you  are  very  interesting ,0.2338220223900862,0.6480672564357519,,,,,,,,,
29,BLENDERBOT,You seem quite sure.,Yes it was very interesting.,ily. My family is very supportive. Why do you say that your family is very supportive? They are always there for me when I need them. I see.  And what does that tell you? It tells me that I need to get my life in order and that I am ready for the next step. Very interesting. Yes You seem quite sure., yes  it  is  very  interesting ,0.4018074063584208,0.624838364124298,,,,,,,,,
30,ELIZA,Yes it was very interesting.,You seem quite sure.,tive. Why do you say that your family is very supportive? They are always there for me when I need them. I see.  And what does that tell you? It tells me that I need to get my life in order and that I am ready for the next step. Very interesting. Yes You seem quite sure. Yes it was very interesting., you  seem  quite  sure ,0.682464525103569,0.7500451803207397,,,,,,,,,
31,BLENDERBOT,You seem quite sure.,I had no idea what to expect,that your family is very supportive? They are always there for me when I need them. I see.  And what does that tell you? It tells me that I need to get my life in order and that I am ready for the next step. Very interesting. Yes You seem quite sure. Yes it was very interesting. You seem quite sure., i  have  no  idea  what  to  do ,0.7370008166347232,0.7693267932959965,,,,,,,,,
32,ELIZA,I had no idea what to expect,Please tell me more.,ortive? They are always there for me when I need them. I see.  And what does that tell you? It tells me that I need to get my life in order and that I am ready for the next step. Very interesting. Yes You seem quite sure. Yes it was very interesting. You seem quite sure. I had no idea what to expect,.  tell  me . ,0.49628554470837116,0.7374158538877964,,,,,,,,,
33,BLENDERBOT,Please tell me more.,I had no idea what to expect but it turned out to be a great experience.,ys there for me when I need them. I see.  And what does that tell you? It tells me that I need to get my life in order and that I am ready for the next step. Very interesting. Yes You seem quite sure. Yes it was very interesting. You seem quite sure. I had no idea what to expect Please tell me more., i  had  no  idea  what  to  expect .  it  turned  out  to  be  a  great  experience ,0.836039736866951,0.883095808327198,,,,,,,,,
34,ELIZA,I had no idea what to expect but it turned out to be a great experience.,Very interesting., tells me that I need to get my life in order and that I am ready for the next step. Very interesting. Yes You seem quite sure. Yes it was very interesting. You seem quite sure. I had no idea what to expect Please tell me more. I had no idea what to expect but it turned out to be a great experience., very  interesting ,0.4823501408100128,0.7688204348087311,,,,,,,,,
35,BLENDERBOT,Very interesting.,Yes,eed to get my life in order and that I am ready for the next step. Very interesting. Yes You seem quite sure. Yes it was very interesting. You seem quite sure. I had no idea what to expect Please tell me more. I had no idea what to expect but it turned out to be a great experience. Very interesting., you ,0.0691225454211235,0.07150039821863174,,,,,,,,,
36,ELIZA,Yes,"OK, but can you elaborate a bit?",to get my life in order and that I am ready for the next step. Very interesting. Yes You seem quite sure. Yes it was very interesting. You seem quite sure. I had no idea what to expect Please tell me more. I had no idea what to expect but it turned out to be a great experience. Very interesting. Yes,",  so  can  you  elaborate  a  little ",0.45840239950588774,0.701316773891449,,,,,,,,,
37,BLENDERBOT,"OK, but can you elaborate a bit?",Yes it was very interesting.,"I am ready for the next step. Very interesting. Yes You seem quite sure. Yes it was very interesting. You seem quite sure. I had no idea what to expect Please tell me more. I had no idea what to expect but it turned out to be a great experience. Very interesting. Yes OK, but can you elaborate a bit?", yes  it  was  very  interesting ,0.7014496922492981,0.8619085550308228,,,,,,,,,
38,ELIZA,Yes it was very interesting.,"OK, but can you elaborate a bit?"," Very interesting. Yes You seem quite sure. Yes it was very interesting. You seem quite sure. I had no idea what to expect Please tell me more. I had no idea what to expect but it turned out to be a great experience. Very interesting. Yes OK, but can you elaborate a bit? Yes it was very interesting.",ok  but  can  you  elaborate  a  bit ,0.7123178839683533,0.8889634715659278,,,,,,,,,
39,BLENDERBOT,"OK, but can you elaborate a bit?",I had no idea what to expect,"uite sure. Yes it was very interesting. You seem quite sure. I had no idea what to expect Please tell me more. I had no idea what to expect but it turned out to be a great experience. Very interesting. Yes OK, but can you elaborate a bit? Yes it was very interesting. OK, but can you elaborate a bit?", i  had  no  idea  what  to  expect ,0.9913141471999032,0.9913141471999032,,,,,,,,,
40,ELIZA,I had no idea what to expect,Let's change focus a bit... Tell me about your family.,"teresting. You seem quite sure. I had no idea what to expect Please tell me more. I had no idea what to expect but it turned out to be a great experience. Very interesting. Yes OK, but can you elaborate a bit? Yes it was very interesting. OK, but can you elaborate a bit? I had no idea what to expect",.  just  topics  a  bit  tell  me  about  your  experience ,0.46270446556445677,0.6964159399271012,,,,,,,,,
41,BLENDERBOT,Let's change focus a bit... Tell me about your family.,I had no idea what to expect but it turned out to be a great experience.,"xpect Please tell me more. I had no idea what to expect but it turned out to be a great experience. Very interesting. Yes OK, but can you elaborate a bit? Yes it was very interesting. OK, but can you elaborate a bit? I had no idea what to expect Let's change focus a bit... Tell me about your family.",i  had  no  idea  what  to  expect  but  it  turned  out  to  be  a  great  experience ,0.9085481986403465,0.9709626995027065,,,,,,,,,
42,ELIZA,I had no idea what to expect but it turned out to be a great experience.,Can you elaborate on that?," to be a great experience. Very interesting. Yes OK, but can you elaborate a bit? Yes it was very interesting. OK, but can you elaborate a bit? I had no idea what to expect Let's change focus a bit... Tell me about your family. I had no idea what to expect but it turned out to be a great experience.", can  you  elaborate  on  it ,0.7580417513847351,0.8130368649959564,,,,,,,,,
43,BLENDERBOT,Can you elaborate on that?,Well,"Very interesting. Yes OK, but can you elaborate a bit? Yes it was very interesting. OK, but can you elaborate a bit? I had no idea what to expect Let's change focus a bit... Tell me about your family. I had no idea what to expect but it turned out to be a great experience. Can you elaborate on that?", yes ,0.0,0.07526949048042297,,,,,,,,,
44,ELIZA,Well,I see.,"interesting. Yes OK, but can you elaborate a bit? Yes it was very interesting. OK, but can you elaborate a bit? I had no idea what to expect Let's change focus a bit... Tell me about your family. I had no idea what to expect but it turned out to be a great experience. Can you elaborate on that? Well", i  am ,0.4149731397628784,0.4787082374095917,,,,,,,,,
45,BLENDERBOT,I see.,Well I 'm not sure if I 'm going to be able to get the job.,"ting. Yes OK, but can you elaborate a bit? Yes it was very interesting. OK, but can you elaborate a bit? I had no idea what to expect Let's change focus a bit... Tell me about your family. I had no idea what to expect but it turned out to be a great experience. Can you elaborate on that? Well I see.", but  i  am  not  sure  if  i  was  going  to  be  able  to  do  a  details ,0.6197761172952596,0.8085196129977703,,,,,,,,,
46,ELIZA,Well I 'm not sure if I 'm going to be able to get the job.,I see.,"nteresting. OK, but can you elaborate a bit? I had no idea what to expect Let's change focus a bit... Tell me about your family. I had no idea what to expect but it turned out to be a great experience. Can you elaborate on that? Well I see. Well I 'm not sure if I 'm going to be able to get the job.", i  ' ,0.38538265228271484,0.4424564801156521,,,,,,,,,
47,BLENDERBOT,I see.,Yeah,"ing. OK, but can you elaborate a bit? I had no idea what to expect Let's change focus a bit... Tell me about your family. I had no idea what to expect but it turned out to be a great experience. Can you elaborate on that? Well I see. Well I 'm not sure if I 'm going to be able to get the job. I see.",i ,0.0,0.07984078675508499,,,,,,,,,
48,ELIZA,Yeah,Why do you say that yeah?,"OK, but can you elaborate a bit? I had no idea what to expect Let's change focus a bit... Tell me about your family. I had no idea what to expect but it turned out to be a great experience. Can you elaborate on that? Well I see. Well I 'm not sure if I 'm going to be able to get the job. I see. Yeah"," why  do  you  think , ? ",0.3694661234815915,0.5375933796167374,,,,,,,,,
49,BLENDERBOT,Why do you say that yeah?,Yeah I 'm not sure what I 'm going to do with my life now.,a bit? I had no idea what to expect Let's change focus a bit... Tell me about your family. I had no idea what to expect but it turned out to be a great experience. Can you elaborate on that? Well I see. Well I 'm not sure if I 'm going to be able to get the job. I see. Yeah Why do you say that yeah?, well  i  am  not  sure  what  i  am  going  to  do  with  my  life . ,0.7178611222654581,0.8694120804468791,,,,,,,,,
50,ELIZA,Yeah I 'm not sure what I 'm going to do with my life now.,Let's change focus a bit... Tell me about your family.,t... Tell me about your family. I had no idea what to expect but it turned out to be a great experience. Can you elaborate on that? Well I see. Well I 'm not sure if I 'm going to be able to get the job. I see. Yeah Why do you say that yeah? Yeah I 'm not sure what I 'm going to do with my life now., lets  just  topics  a  little Tell  me  about  your  family ,0.4497644507267978,0.7283477455377578,,,,,,,,,
51,BLENDERBOT,Let's change focus a bit... Tell me about your family.,My family is very supportive.,xpect but it turned out to be a great experience. Can you elaborate on that? Well I see. Well I 'm not sure if I 'm going to be able to get the job. I see. Yeah Why do you say that yeah? Yeah I 'm not sure what I 'm going to do with my life now. Let's change focus a bit... Tell me about your family., my  family  is  very  interesting ,0.5823755025863647,0.6098124712705613,,,,,,,,,
52,ELIZA,My family is very supportive.,Why do you say that your family is very supportive?,a great experience. Can you elaborate on that? Well I see. Well I 'm not sure if I 'm going to be able to get the job. I see. Yeah Why do you say that yeah? Yeah I 'm not sure what I 'm going to do with my life now. Let's change focus a bit... Tell me about your family. My family is very supportive.,why  do  you  say  that  your  family  is  very  supportive ,0.7294288784265518,0.8260337561368942,,,,,,,,,
53,BLENDERBOT,Why do you say that your family is very supportive?,They are always there for me when I need them.,I see. Well I 'm not sure if I 'm going to be able to get the job. I see. Yeah Why do you say that yeah? Yeah I 'm not sure what I 'm going to do with my life now. Let's change focus a bit... Tell me about your family. My family is very supportive. Why do you say that your family is very supportive?, they  are  always  there  for  me  when  i  need  them ,0.854349684715271,0.8986158609390259,,,,,,,,,
54,ELIZA,They are always there for me when I need them.,they am always there for you when you need them.,ble to get the job. I see. Yeah Why do you say that yeah? Yeah I 'm not sure what I 'm going to do with my life now. Let's change focus a bit... Tell me about your family. My family is very supportive. Why do you say that your family is very supportive? They are always there for me when I need them., i  are  always  there  for  you  when  you  need  them ,0.685324836257496,0.9019019663333893,,,,,,,,,
55,BLENDERBOT,they am always there for you when you need them.,That is so true.,at yeah? Yeah I 'm not sure what I 'm going to do with my life now. Let's change focus a bit... Tell me about your family. My family is very supportive. Why do you say that your family is very supportive? They are always there for me when I need them. they am always there for you when you need them.,that  is  very  important ,0.38931091874837875,0.5750252828001976,,,,,,,,,
56,ELIZA,That is so true.,How does that make you feel?,m not sure what I 'm going to do with my life now. Let's change focus a bit... Tell me about your family. My family is very supportive. Why do you say that your family is very supportive? They are always there for me when I need them. they am always there for you when you need them. That is so true.,how  does  that  make  you ? ,0.7294143935044607,0.8561296264330546,,,,,,,,,
57,BLENDERBOT,How does that make you feel?,I am so grateful to have them in my life., do with my life now. Let's change focus a bit... Tell me about your family. My family is very supportive. Why do you say that your family is very supportive? They are always there for me when I need them. they am always there for you when you need them. That is so true. How does that make you feel?, i  am  very  lucky  to  have  them  in  my  life ,0.6750883344560862,0.8436122447252273,,,,,,,,,
58,ELIZA,I am so grateful to have them in my life.,Did you come to me because you are so grateful to have them in your life?, bit... Tell me about your family. My family is very supportive. Why do you say that your family is very supportive? They are always there for me when I need them. they am always there for you when you need them. That is so true. How does that make you feel? I am so grateful to have them in my life., do  you  lie  to  me  because  you  were  not  happy  to  have  them  in  your  life ,0.5670657819136977,0.7185627799481153,,,,,,,,,
59,BLENDERBOT,Did you come to me because you are so grateful to have them in your life?,Yes,u say that your family is very supportive? They are always there for me when I need them. they am always there for you when you need them. That is so true. How does that make you feel? I am so grateful to have them in my life. Did you come to me because you are so grateful to have them in your life?, _ ,0.0,0.16940973699092865,,,,,,,,,
60,ELIZA,Yes,You seem quite sure.,y that your family is very supportive? They are always there for me when I need them. they am always there for you when you need them. That is so true. How does that make you feel? I am so grateful to have them in my life. Did you come to me because you are so grateful to have them in your life? Yes, you  am  so  nice ,0.19811188918538392,0.5544739291071892,,,,,,,,,
61,BLENDERBOT,You seem quite sure.,Yes I am so thankful for them., very supportive? They are always there for me when I need them. they am always there for you when you need them. That is so true. How does that make you feel? I am so grateful to have them in my life. Did you come to me because you are so grateful to have them in your life? Yes You seem quite sure., yes  i  am  very  grateful  for  them ,0.5289731706891742,0.6953476113932473,,,,,,,,,
62,ELIZA,Yes I am so thankful for them.,"OK, but can you elaborate a bit?",ys there for me when I need them. they am always there for you when you need them. That is so true. How does that make you feel? I am so grateful to have them in my life. Did you come to me because you are so grateful to have them in your life? Yes You seem quite sure. Yes I am so thankful for them.,hello  so  can  you  talk  a  little ,0.41460269902433666,0.6636013303484235,,,,,,,,,
63,BLENDERBOT,"OK, but can you elaborate a bit?",They have been there for me through so many hard times.," they am always there for you when you need them. That is so true. How does that make you feel? I am so grateful to have them in my life. Did you come to me because you are so grateful to have them in your life? Yes You seem quite sure. Yes I am so thankful for them. OK, but can you elaborate a bit?", they  have  been  there  for  me  in  so  many  difficult  times ,0.7212091846899553,0.8163209340789102,,,,,,,,,
64,ELIZA,They have been there for me through so many hard times.,How do you feel when you say that?,"s so true. How does that make you feel? I am so grateful to have them in my life. Did you come to me because you are so grateful to have them in your life? Yes You seem quite sure. Yes I am so thankful for them. OK, but can you elaborate a bit? They have been there for me through so many hard times.", how  do  you  feel  when  you  hear  that ,0.7068987153470516,0.8003409057855606,,,,,,,,,
65,BLENDERBOT,How do you feel when you say that?,I feel like I need to do something about it,"eel? I am so grateful to have them in my life. Did you come to me because you are so grateful to have them in your life? Yes You seem quite sure. Yes I am so thankful for them. OK, but can you elaborate a bit? They have been there for me through so many hard times. How do you feel when you say that?",i  feel  like  i  need  to  do  something  about  that ,0.83116435110569,0.850905978679657,,,,,,,,,
66,ELIZA,I feel like I need to do something about it,"Good, tell me more about these feelings.","e. Did you come to me because you are so grateful to have them in your life? Yes You seem quite sure. Yes I am so thankful for them. OK, but can you elaborate a bit? They have been there for me through so many hard times. How do you feel when you say that? I feel like I need to do something about it",.  tell  me  more  about  your  guys ,0.5412510570334105,0.8125382055129323,,,,,,,,,
67,BLENDERBOT,"Good, tell me more about these feelings.",I feel like I need to do something about it but I do n't know what to do.,"grateful to have them in your life? Yes You seem quite sure. Yes I am so thankful for them. OK, but can you elaborate a bit? They have been there for me through so many hard times. How do you feel when you say that? I feel like I need to do something about it Good, tell me more about these feelings.", i  feel  like  i  need  to  do  something  about  it  but  i  do  not  know  what  to  do ,0.8373440669642555,0.9441775911384158,,,,,,,,,
68,ELIZA,I feel like I need to do something about it but I do n't know what to do.,When do you usually feel like you need to do something about it but you do n't know what to do?,"hankful for them. OK, but can you elaborate a bit? They have been there for me through so many hard times. How do you feel when you say that? I feel like I need to do something about it Good, tell me more about these feelings. I feel like I need to do something about it but I do n't know what to do.", why  do  you  really  feel  like  you  need  to  do  something  about  something  but  you  do  not  know  what  to  do ,0.755184648081749,0.9157946081388564,,,,,,,,,
69,BLENDERBOT,When do you usually feel like you need to do something about it but you do n't know what to do?,I do n't know.,"ard times. How do you feel when you say that? I feel like I need to do something about it Good, tell me more about these feelings. I feel like I need to do something about it but I do n't know what to do. When do you usually feel like you need to do something about it but you do n't know what to do?", i  do  not  know ,0.4950263202190399,0.9094322323799133,,,,,,,,,
70,ELIZA,I do n't know.,How does that make you feel?,"do you feel when you say that? I feel like I need to do something about it Good, tell me more about these feelings. I feel like I need to do something about it but I do n't know what to do. When do you usually feel like you need to do something about it but you do n't know what to do? I do n't know.",how  does  that  make  you  feel ,0.6615638385216395,0.8083090831836065,,,,,,,,,
71,BLENDERBOT,How does that make you feel?,I feel like I ca n't do anything about it.,"? I feel like I need to do something about it Good, tell me more about these feelings. I feel like I need to do something about it but I do n't know what to do. When do you usually feel like you need to do something about it but you do n't know what to do? I do n't know. How does that make you feel?", i  feel  like  i  ca  not  do  anything  about  it ,0.7442355871200561,0.9185135543346405,,,,,,,,,
72,ELIZA,I feel like I ca n't do anything about it.,Let's chat!,"it Good, tell me more about these feelings. I feel like I need to do something about it but I do n't know what to do. When do you usually feel like you need to do something about it but you do n't know what to do? I do n't know. How does that make you feel? I feel like I ca n't do anything about it.", great  talk ,0.0,0.48453451693058014,,,,,,,,,
73,BLENDERBOT,Let's chat!,What do you like to do in your free time?,l me more about these feelings. I feel like I need to do something about it but I do n't know what to do. When do you usually feel like you need to do something about it but you do n't know what to do? I do n't know. How does that make you feel? I feel like I ca n't do anything about it. Let's chat!, what  do  you  like  to  do  in  your  spare  time ,0.7866687566041947,0.889211094379425,,,,,,,,,
74,ELIZA,What do you like to do in your free time?,Would you like to chat? I'll do my best to keep up,e I need to do something about it but I do n't know what to do. When do you usually feel like you need to do something about it but you do n't know what to do? I do n't know. How does that make you feel? I feel like I ca n't do anything about it. Let's chat! What do you like to do in your free time?, would  you  like  to ?  i  try  my  best  to  keep  up ,0.6227815163632234,0.8081148018439611,,,,,,,,,
75,BLENDERBOT,Would you like to chat? I'll do my best to keep up,Sure, what to do. When do you usually feel like you need to do something about it but you do n't know what to do? I do n't know. How does that make you feel? I feel like I ca n't do anything about it. Let's chat! What do you like to do in your free time? Would you like to chat? I'll do my best to keep up,. ,0.0,0.41691458225250244,,,,,,,,,
76,ELIZA,Sure,Please tell me more., to do. When do you usually feel like you need to do something about it but you do n't know what to do? I do n't know. How does that make you feel? I feel like I ca n't do anything about it. Let's chat! What do you like to do in your free time? Would you like to chat? I'll do my best to keep up Sure, but  tell  me . ,0.4426237568259239,0.534173633903265,,,,,,,,,
77,BLENDERBOT,Please tell me more.,Sure what do you do for a living?,sually feel like you need to do something about it but you do n't know what to do? I do n't know. How does that make you feel? I feel like I ca n't do anything about it. Let's chat! What do you like to do in your free time? Would you like to chat? I'll do my best to keep up Sure Please tell me more.,so  what  do  you  do  for  a  living ,0.7180348709225655,0.8297194391489029,,,,,,,,,
78,ELIZA,Sure what do you do for a living?,Please consider whether you can answer your own question.,mething about it but you do n't know what to do? I do n't know. How does that make you feel? I feel like I ca n't do anything about it. Let's chat! What do you like to do in your free time? Would you like to chat? I'll do my best to keep up Sure Please tell me more. Sure what do you do for a living?, i  consider  so  you  can  answer  your  next  questions ,0.34344618850284153,0.47028718226485783,,,,,,,,,
79,BLENDERBOT,Please consider whether you can answer your own question.,I 'm an accountant,know. How does that make you feel? I feel like I ca n't do anything about it. Let's chat! What do you like to do in your free time? Would you like to chat? I'll do my best to keep up Sure Please tell me more. Sure what do you do for a living? Please consider whether you can answer your own question.,i  am  an  engineer ,0.4918160067172721,0.8274864852428436,,,,,,,,,
80,ELIZA,I 'm an accountant,Very interesting., make you feel? I feel like I ca n't do anything about it. Let's chat! What do you like to do in your free time? Would you like to chat? I'll do my best to keep up Sure Please tell me more. Sure what do you do for a living? Please consider whether you can answer your own question. I 'm an accountant,.  i ,0.0004680756537709385,0.5671887397766113,,,,,,,,,
81,BLENDERBOT,Very interesting.,I 'm an accountant what about you?,feel like I ca n't do anything about it. Let's chat! What do you like to do in your free time? Would you like to chat? I'll do my best to keep up Sure Please tell me more. Sure what do you do for a living? Please consider whether you can answer your own question. I 'm an accountant Very interesting.,i  am  an  engineer  how  about  you ,0.4409880974063916,0.7990084162780217,,,,,,,,,
82,ELIZA,I 'm an accountant what about you?,Why do you ask that?,t it. Let's chat! What do you like to do in your free time? Would you like to chat? I'll do my best to keep up Sure Please tell me more. Sure what do you do for a living? Please consider whether you can answer your own question. I 'm an accountant Very interesting. I 'm an accountant what about you?, why  do  you  do ? ,0.532715829834342,0.8175998568534851,,,,,,,,,
83,BLENDERBOT,Why do you ask that?,I do n't know,t do you like to do in your free time? Would you like to chat? I'll do my best to keep up Sure Please tell me more. Sure what do you do for a living? Please consider whether you can answer your own question. I 'm an accountant Very interesting. I 'm an accountant what about you? Why do you ask that?,i  do  not  know ,0.5621349066495895,0.8094256669282913,,,,,,,,,
84,ELIZA,I do n't know,Please tell me more.,to do in your free time? Would you like to chat? I'll do my best to keep up Sure Please tell me more. Sure what do you do for a living? Please consider whether you can answer your own question. I 'm an accountant Very interesting. I 'm an accountant what about you? Why do you ask that? I do n't know, please  tell  me  more ,0.618757851421833,0.8591547682881355,,,,,,,,,
85,BLENDERBOT,Please tell me more.,I do n't know I guess I just feel like I 'm not good enough for them.,me? Would you like to chat? I'll do my best to keep up Sure Please tell me more. Sure what do you do for a living? Please consider whether you can answer your own question. I 'm an accountant Very interesting. I 'm an accountant what about you? Why do you ask that? I do n't know Please tell me more.,i  do  not  know  i  guess  i  just  feel  like  i  am  not  good  enough  for  you ,0.672286609735559,0.7964889126665452,,,,,,,,,
86,ELIZA,I do n't know I guess I just feel like I 'm not good enough for them.,you do n't know you guess you just feel like you 'm not good enough for them.,l me more. Sure what do you do for a living? Please consider whether you can answer your own question. I 'm an accountant Very interesting. I 'm an accountant what about you? Why do you ask that? I do n't know Please tell me more. I do n't know I guess I just feel like I 'm not good enough for them., i  do  not  know  i .  you  just  feel  like  i  are  not  good  enough  for  them ,0.5614988133696469,0.893999704543282,,,,,,,,,
87,BLENDERBOT,you do n't know you guess you just feel like you 'm not good enough for them.,I do n't know if I 'm good enough,nswer your own question. I 'm an accountant Very interesting. I 'm an accountant what about you? Why do you ask that? I do n't know Please tell me more. I do n't know I guess I just feel like I 'm not good enough for them. you do n't know you guess you just feel like you 'm not good enough for them., i  do  not  know  if  i  am  good  enough ,0.6827896394663386,0.8826491468482547,,,,,,,,,
88,ELIZA,I do n't know if I 'm good enough,Please tell me more.,ccountant Very interesting. I 'm an accountant what about you? Why do you ask that? I do n't know Please tell me more. I do n't know I guess I just feel like I 'm not good enough for them. you do n't know you guess you just feel like you 'm not good enough for them. I do n't know if I 'm good enough,.  tell  me  more ,0.5157890077680349,0.9204216450452805,,,,,,,,,
89,BLENDERBOT,Please tell me more.,I do n't know if I 'm good enough but I do feel like I 'm not.,sting. I 'm an accountant what about you? Why do you ask that? I do n't know Please tell me more. I do n't know I guess I just feel like I 'm not good enough for them. you do n't know you guess you just feel like you 'm not good enough for them. I do n't know if I 'm good enough Please tell me more.,i  do  not  know  if  i  am  good  enough  but  i  just  feel  like  i  am  not ,0.6439998915747684,0.91223184150808,,,,,,,,,
90,ELIZA,I do n't know if I 'm good enough but I do feel like I 'm not.,Very interesting.,I do n't know Please tell me more. I do n't know I guess I just feel like I 'm not good enough for them. you do n't know you guess you just feel like you 'm not good enough for them. I do n't know if I 'm good enough Please tell me more. I do n't know if I 'm good enough but I do feel like I 'm not.,how  true ,0.07188545912504196,0.21975884959101677,,,,,,,,,
91,BLENDERBOT,Very interesting.,Yes,se tell me more. I do n't know I guess I just feel like I 'm not good enough for them. you do n't know you guess you just feel like you 'm not good enough for them. I do n't know if I 'm good enough Please tell me more. I do n't know if I 'm good enough but I do feel like I 'm not. Very interesting.,i ,0.0,0.13064803183078766,,,,,,,,,
92,ELIZA,Yes,"OK, but can you elaborate a bit?",ell me more. I do n't know I guess I just feel like I 'm not good enough for them. you do n't know you guess you just feel like you 'm not good enough for them. I do n't know if I 'm good enough Please tell me more. I do n't know if I 'm good enough but I do feel like I 'm not. Very interesting. Yes,",  so  can  you  elaborate  a  little ",0.4674409276672772,0.7422507405281067,,,,,,,,,
93,BLENDERBOT,"OK, but can you elaborate a bit?",Yes it was very interesting.,"s I just feel like I 'm not good enough for them. you do n't know you guess you just feel like you 'm not good enough for them. I do n't know if I 'm good enough Please tell me more. I do n't know if I 'm good enough but I do feel like I 'm not. Very interesting. Yes OK, but can you elaborate a bit?", yes  it  is  very  interesting ,0.43799982890486716,0.7759329974651337,,,,,,,,,
94,ELIZA,Yes it was very interesting.,"OK, but can you elaborate a bit?","ood enough for them. you do n't know you guess you just feel like you 'm not good enough for them. I do n't know if I 'm good enough Please tell me more. I do n't know if I 'm good enough but I do feel like I 'm not. Very interesting. Yes OK, but can you elaborate a bit? Yes it was very interesting.",",  but  can  you  elaborate  a  bit ",0.7113804391452244,0.8802072469677243,,,,,,,,,
95,BLENDERBOT,"OK, but can you elaborate a bit?",I had no idea what to expect,"now you guess you just feel like you 'm not good enough for them. I do n't know if I 'm good enough Please tell me more. I do n't know if I 'm good enough but I do feel like I 'm not. Very interesting. Yes OK, but can you elaborate a bit? Yes it was very interesting. OK, but can you elaborate a bit?", i  have  no  idea  what  to  say ,0.6507574915885925,0.8355211274964469,,,,,,,,,
96,ELIZA,I had no idea what to expect,you had no idea what to expect.,"ike you 'm not good enough for them. I do n't know if I 'm good enough Please tell me more. I do n't know if I 'm good enough but I do feel like I 'm not. Very interesting. Yes OK, but can you elaborate a bit? Yes it was very interesting. OK, but can you elaborate a bit? I had no idea what to expect",.  had  no  idea  what  to  expect ,0.7395876518317631,0.8955785504409245,,,,,,,,,
97,BLENDERBOT,you had no idea what to expect.,I had no idea what to expect but it turned out to be a great experience.,"hem. I do n't know if I 'm good enough Please tell me more. I do n't know if I 'm good enough but I do feel like I 'm not. Very interesting. Yes OK, but can you elaborate a bit? Yes it was very interesting. OK, but can you elaborate a bit? I had no idea what to expect you had no idea what to expect.", i  had  no  idea  what  to  expect .  it  turned  out  to  be  a  great  experience ,0.8649110104888678,0.9158046897500753,,,,,,,,,
98,ELIZA,I had no idea what to expect but it turned out to be a great experience.,Can you elaborate on that?," if I 'm good enough but I do feel like I 'm not. Very interesting. Yes OK, but can you elaborate a bit? Yes it was very interesting. OK, but can you elaborate a bit? I had no idea what to expect you had no idea what to expect. I had no idea what to expect but it turned out to be a great experience.", can  you  elaborate  on  it ,0.776255214214325,0.8352177500724792,,,,,,,,,
99,BLENDERBOT,Can you elaborate on that?,Well,"do feel like I 'm not. Very interesting. Yes OK, but can you elaborate a bit? Yes it was very interesting. OK, but can you elaborate a bit? I had no idea what to expect you had no idea what to expect. I had no idea what to expect but it turned out to be a great experience. Can you elaborate on that?",e ,0.0,0.11821479350328445,,,,,,,,,
100,ELIZA,Well,Let's change focus a bit... Tell me about your family.,"el like I 'm not. Very interesting. Yes OK, but can you elaborate a bit? Yes it was very interesting. OK, but can you elaborate a bit? I had no idea what to expect you had no idea what to expect. I had no idea what to expect but it turned out to be a great experience. Can you elaborate on that? Well", lets  just  topics  a  bit  tell  me  about  your  experience ,0.4564468635013327,0.7147252678871154,,,,,,,,,
101,BLENDERBOT,Let's change focus a bit... Tell me about your family.,Well I 'm not sure if I 'm going to be able to get the job.," elaborate a bit? Yes it was very interesting. OK, but can you elaborate a bit? I had no idea what to expect you had no idea what to expect. I had no idea what to expect but it turned out to be a great experience. Can you elaborate on that? Well Let's change focus a bit... Tell me about your family.",well  i  am  not  sure  if  i  am  going  to  be  able  to  do  a  details ,0.629870207325439,0.8015484297648072,,,,,,,,,
102,ELIZA,Well I 'm not sure if I 'm going to be able to get the job.,Let's change focus a bit... Tell me about your family.,ou elaborate a bit? I had no idea what to expect you had no idea what to expect. I had no idea what to expect but it turned out to be a great experience. Can you elaborate on that? Well Let's change focus a bit... Tell me about your family. Well I 'm not sure if I 'm going to be able to get the job.,so  change  focus  a  bit Tell  me  about  your  family ,0.6719526290893555,0.8909229129552841,,,,,,,,,
103,BLENDERBOT,Let's change focus a bit... Tell me about your family.,My family is very supportive.,d no idea what to expect. I had no idea what to expect but it turned out to be a great experience. Can you elaborate on that? Well Let's change focus a bit... Tell me about your family. Well I 'm not sure if I 'm going to be able to get the job. Let's change focus a bit... Tell me about your family.,my  family  is  very  close ,0.5911418795585632,0.6263978898525238,,,,,,,,,
104,ELIZA,My family is very supportive.,"When your family is very supportive, how do you feel?",d no idea what to expect but it turned out to be a great experience. Can you elaborate on that? Well Let's change focus a bit... Tell me about your family. Well I 'm not sure if I 'm going to be able to get the job. Let's change focus a bit... Tell me about your family. My family is very supportive., if  your  family  is  not  supportive  how  do  you  feel ,0.5870355561375618,0.7916934624314308,,,,,,,,,
105,BLENDERBOT,"When your family is very supportive, how do you feel?",They are always there for me when I need them.,"at experience. Can you elaborate on that? Well Let's change focus a bit... Tell me about your family. Well I 'm not sure if I 'm going to be able to get the job. Let's change focus a bit... Tell me about your family. My family is very supportive. When your family is very supportive, how do you feel?", they  are  always  there  for  me  when  i  need  them ,0.8451593697071076,0.9033952474594116,,,,,,,,,
106,ELIZA,They are always there for me when I need them.,I see.,"Let's change focus a bit... Tell me about your family. Well I 'm not sure if I 'm going to be able to get the job. Let's change focus a bit... Tell me about your family. My family is very supportive. When your family is very supportive, how do you feel? They are always there for me when I need them.", i  feel ,0.2917829751968384,0.38236595690250397,,,,,,,,,
107,BLENDERBOT,I see.,Yeah,"hange focus a bit... Tell me about your family. Well I 'm not sure if I 'm going to be able to get the job. Let's change focus a bit... Tell me about your family. My family is very supportive. When your family is very supportive, how do you feel? They are always there for me when I need them. I see.",we ,0.0,0.08925366401672363,,,,,,,,,
108,ELIZA,Yeah,How do you feel when you say that?," focus a bit... Tell me about your family. Well I 'm not sure if I 'm going to be able to get the job. Let's change focus a bit... Tell me about your family. My family is very supportive. When your family is very supportive, how do you feel? They are always there for me when I need them. I see. Yeah", how  do  you  feel  when  you  hear  you ,0.6484143743291497,0.8035038076341152,,,,,,,,,
109,BLENDERBOT,How do you feel when you say that?,Yeah I 'm not sure what I 'm going to do with my life now.,"family. Well I 'm not sure if I 'm going to be able to get the job. Let's change focus a bit... Tell me about your family. My family is very supportive. When your family is very supportive, how do you feel? They are always there for me when I need them. I see. Yeah How do you feel when you say that?",well  i  am  not  sure  what  i  am  going  to  do  with  my  family . ,0.6887852032048006,0.8651923298835754,,,,,,,,,
110,ELIZA,Yeah I 'm not sure what I 'm going to do with my life now.,How do you feel when you say that?,"the job. Let's change focus a bit... Tell me about your family. My family is very supportive. When your family is very supportive, how do you feel? They are always there for me when I need them. I see. Yeah How do you feel when you say that? Yeah I 'm not sure what I 'm going to do with my life now.", how  do  you  feel  when  you  say  that ,0.8344230800867081,0.9511412531137466,,,,,,,,,
111,BLENDERBOT,How do you feel when you say that?,I feel like I need to do something about it,". Tell me about your family. My family is very supportive. When your family is very supportive, how do you feel? They are always there for me when I need them. I see. Yeah How do you feel when you say that? Yeah I 'm not sure what I 'm going to do with my life now. How do you feel when you say that?", i  feel  like  i  need  to  do  something  about  it ,0.8678737342357635,0.8678737342357635,,,,,,,,,
112,ELIZA,I feel like I need to do something about it,"Good, tell me more about these feelings.","ry supportive. When your family is very supportive, how do you feel? They are always there for me when I need them. I see. Yeah How do you feel when you say that? Yeah I 'm not sure what I 'm going to do with my life now. How do you feel when you say that? I feel like I need to do something about it",.  tell  me  more  about  your  kids ,0.482509992047978,0.7502574643918446,,,,,,,,,
113,BLENDERBOT,"Good, tell me more about these feelings.",I feel like I need to do something about it but I do n't know what to do.,"upportive, how do you feel? They are always there for me when I need them. I see. Yeah How do you feel when you say that? Yeah I 'm not sure what I 'm going to do with my life now. How do you feel when you say that? I feel like I need to do something about it Good, tell me more about these feelings.", i  feel  like  i  need  to  do  something  about  it  but  i  do  not  know  what  to  do ,0.8359054724375407,0.9444822669029236,,,,,,,,,
114,ELIZA,I feel like I need to do something about it but I do n't know what to do.,"Good, tell me more about these feelings."," I see. Yeah How do you feel when you say that? Yeah I 'm not sure what I 'm going to do with my life now. How do you feel when you say that? I feel like I need to do something about it Good, tell me more about these feelings. I feel like I need to do something about it but I do n't know what to do.", please  tell  me  more  about  these  feelings ,0.7068417753492083,0.9242927517209735,,,,,,,,,
115,BLENDERBOT,"Good, tell me more about these feelings.",Well," that? Yeah I 'm not sure what I 'm going to do with my life now. How do you feel when you say that? I feel like I need to do something about it Good, tell me more about these feelings. I feel like I need to do something about it but I do n't know what to do. Good, tell me more about these feelings.",good ,0.0,0.16530366241931915,,,,,,,,,
116,ELIZA,Well,Very interesting.,"? Yeah I 'm not sure what I 'm going to do with my life now. How do you feel when you say that? I feel like I need to do something about it Good, tell me more about these feelings. I feel like I need to do something about it but I do n't know what to do. Good, tell me more about these feelings. Well",",  i ",0.022028984501957893,0.40588443726301193,,,,,,,,,
117,BLENDERBOT,Very interesting.,Well I 'm not sure what to tell you.,"re what I 'm going to do with my life now. How do you feel when you say that? I feel like I need to do something about it Good, tell me more about these feelings. I feel like I need to do something about it but I do n't know what to do. Good, tell me more about these feelings. Well Very interesting.", but  i  am  not  sure  what  to  tell  you ,0.620437253266573,0.84432296289338,,,,,,,,,
118,ELIZA,Well I 'm not sure what to tell you.,Why do you say that well you 'm not sure what to tell me?," now. How do you feel when you say that? I feel like I need to do something about it Good, tell me more about these feelings. I feel like I need to do something about it but I do n't know what to do. Good, tell me more about these feelings. Well Very interesting. Well I 'm not sure what to tell you."," why  do  you  say , ?  i  are  not  sure  what  to  tell  me ",0.5842194971295872,0.8700395396777562,,,,,,,,,
119,BLENDERBOT,Why do you say that well you 'm not sure what to tell me?,I do n't want to ruin our friendship.,"d to do something about it Good, tell me more about these feelings. I feel like I need to do something about it but I do n't know what to do. Good, tell me more about these feelings. Well Very interesting. Well I 'm not sure what to tell you. Why do you say that well you 'm not sure what to tell me?", you  do  not  want  to  ruin  our  relationship ,0.5732524991035461,0.7714003808796406,,,,,,,,,
120,ELIZA,I do n't want to ruin our friendship.,Why do you say that you do n't want to ruin our friendship?,"me more about these feelings. I feel like I need to do something about it but I do n't know what to do. Good, tell me more about these feelings. Well Very interesting. Well I 'm not sure what to tell you. Why do you say that well you 'm not sure what to tell me? I do n't want to ruin our friendship.", why  do  you  say  that  you  do  not  want  to  ruin  our  friendship ,0.8017507699819711,0.9532333245644202,,,,,,,,,
121,BLENDERBOT,Why do you say that you do n't want to ruin our friendship?,I do n't know,"hing about it but I do n't know what to do. Good, tell me more about these feelings. Well Very interesting. Well I 'm not sure what to tell you. Why do you say that well you 'm not sure what to tell me? I do n't want to ruin our friendship. Why do you say that you do n't want to ruin our friendship?", i  do  not  know ,0.5335394963622093,0.7784156873822212,,,,,,,,,
122,ELIZA,I do n't know,How does that make you feel?,"but I do n't know what to do. Good, tell me more about these feelings. Well Very interesting. Well I 'm not sure what to tell you. Why do you say that well you 'm not sure what to tell me? I do n't want to ruin our friendship. Why do you say that you do n't want to ruin our friendship? I do n't know", how  does  that  make  you ? ,0.7059616645177206,0.7807870556910833,,,,,,,,,
123,BLENDERBOT,How does that make you feel?,I do n't know I guess I just feel like I 'm not good enough for her.," Good, tell me more about these feelings. Well Very interesting. Well I 'm not sure what to tell you. Why do you say that well you 'm not sure what to tell me? I do n't want to ruin our friendship. Why do you say that you do n't want to ruin our friendship? I do n't know How does that make you feel?", i  do  not  know  i  guess  i  just  feel  like  i  am  not  good  enough  for  you ,0.7424214331104475,0.8808495367274565,,,,,,,,,
124,ELIZA,I do n't know I guess I just feel like I 'm not good enough for her.,you do n't know you guess you just feel like you 'm not good enough for her., I 'm not sure what to tell you. Why do you say that well you 'm not sure what to tell me? I do n't want to ruin our friendship. Why do you say that you do n't want to ruin our friendship? I do n't know How does that make you feel? I do n't know I guess I just feel like I 'm not good enough for her., i  do  not  know  i .  you  just  feel  like  i  are  not  good  enough  for  her ,0.5300166515427169,0.8746053068076863,,,,,,,,,
125,BLENDERBOT,you do n't know you guess you just feel like you 'm not good enough for her.,I do n't know if I 'm good enough,t to tell me? I do n't want to ruin our friendship. Why do you say that you do n't want to ruin our friendship? I do n't know How does that make you feel? I do n't know I guess I just feel like I 'm not good enough for her. you do n't know you guess you just feel like you 'm not good enough for her.,i  do  not  know  if  i  am  good  enough ,0.6501041680781378,0.8562744524743822,,,,,,,,,
126,ELIZA,I do n't know if I 'm good enough,I see.  And what does that tell you?,n our friendship. Why do you say that you do n't want to ruin our friendship? I do n't know How does that make you feel? I do n't know I guess I just feel like I 'm not good enough for her. you do n't know you guess you just feel like you 'm not good enough for her. I do n't know if I 'm good enough, to  guess e ia  what  does  that  make  you ,0.2671315264370706,0.5897459454006619,,,,,,,,,
127,BLENDERBOT,I see.  And what does that tell you?,I do n't know if I 'm good enough but I do feel like I 'm not., you do n't want to ruin our friendship? I do n't know How does that make you feel? I do n't know I guess I just feel like I 'm not good enough for her. you do n't know you guess you just feel like you 'm not good enough for her. I do n't know if I 'm good enough I see.  And what does that tell you?, i  do  not  know  if  i  am  good  enough  but  i  just  feel  like  i  am  not ,0.6605782164534664,0.9204103035085341,,,,,,,,,
128,ELIZA,I do n't know if I 'm good enough but I do feel like I 'm not.,you do n't know if you 'm good enough but you do feel like you 'm not., that make you feel? I do n't know I guess I just feel like I 'm not good enough for her. you do n't know you guess you just feel like you 'm not good enough for her. I do n't know if I 'm good enough I see.  And what does that tell you? I do n't know if I 'm good enough but I do feel like I 'm not., i  do  not  know  if  i  are  good  enough  but  you  just  feel  like  i  are  not ,0.5450764526339138,0.9159055282087887,,,,,,,,,
129,BLENDERBOT,you do n't know if you 'm good enough but you do feel like you 'm not.,I do n't think I 'm good enough.,od enough for her. you do n't know you guess you just feel like you 'm not good enough for her. I do n't know if I 'm good enough I see.  And what does that tell you? I do n't know if I 'm good enough but I do feel like I 'm not. you do n't know if you 'm good enough but you do feel like you 'm not., i  do  not  think  i  am  good  enough ,0.5753790201852098,0.926197774708271,,,,,,,,,
130,ELIZA,I do n't think I 'm good enough.,Please tell me more.,w you guess you just feel like you 'm not good enough for her. I do n't know if I 'm good enough I see.  And what does that tell you? I do n't know if I 'm good enough but I do feel like I 'm not. you do n't know if you 'm good enough but you do feel like you 'm not. I do n't think I 'm good enough., please  tell  me  more ,0.7159329950809479,0.7646991349756718,,,,,,,,,
131,BLENDERBOT,Please tell me more.,I feel like I 'm wasting my time and money.,feel like you 'm not good enough for her. I do n't know if I 'm good enough I see.  And what does that tell you? I do n't know if I 'm good enough but I do feel like I 'm not. you do n't know if you 'm good enough but you do feel like you 'm not. I do n't think I 'm good enough. Please tell me more., i  feel  like  i  am  wasting  your  time  and  money ,0.6963939223438501,0.8160155281424523,,,,,,,,,
132,ELIZA,I feel like I 'm wasting my time and money.,When do you usually feel like you 'm wasting your time and money?,do n't know if I 'm good enough I see.  And what does that tell you? I do n't know if I 'm good enough but I do feel like I 'm not. you do n't know if you 'm good enough but you do feel like you 'm not. I do n't think I 'm good enough. Please tell me more. I feel like I 'm wasting my time and money.,how  do  you  first  feel  like  i  are  wasting  your  time  and  money ,0.6119570919814018,0.9180071858259348,,,,,,,,,
133,BLENDERBOT,When do you usually feel like you 'm wasting your time and money?,I feel like I waste my time a lot of the time.,u? I do n't know if I 'm good enough but I do feel like I 'm not. you do n't know if you 'm good enough but you do feel like you 'm not. I do n't think I 'm good enough. Please tell me more. I feel like I 'm wasting my time and money. When do you usually feel like you 'm wasting your time and money?,i  feel  like  i  waste  my  time  a  lot  of  the  time ,0.8381558507680893,0.92020217080911,,,,,,,,,
134,ELIZA,I feel like I waste my time a lot of the time.,"Good, tell me more about these feelings.",eel like I 'm not. you do n't know if you 'm good enough but you do feel like you 'm not. I do n't think I 'm good enough. Please tell me more. I feel like I 'm wasting my time and money. When do you usually feel like you 'm wasting your time and money? I feel like I waste my time a lot of the time., please  tell  me  more  about  your  things ,0.5666492214576075,0.8609947668654578,,,,,,,,,
135,BLENDERBOT,"Good, tell me more about these feelings.",I do n't know what to do about it.," 'm good enough but you do feel like you 'm not. I do n't think I 'm good enough. Please tell me more. I feel like I 'm wasting my time and money. When do you usually feel like you 'm wasting your time and money? I feel like I waste my time a lot of the time. Good, tell me more about these feelings.", i  do  not  know  what  to  do  with  this ,0.6852791375584073,0.8458153174983131,,,,,,,,,
136,ELIZA,I do n't know what to do about it.,Can you elaborate on that?,"e you 'm not. I do n't think I 'm good enough. Please tell me more. I feel like I 'm wasting my time and money. When do you usually feel like you 'm wasting your time and money? I feel like I waste my time a lot of the time. Good, tell me more about these feelings. I do n't know what to do about it.", can  you  elaborate  on  it ,0.716292655467987,0.7495014578104019,,,,,,,,,
137,BLENDERBOT,Can you elaborate on that?,Well,"k I 'm good enough. Please tell me more. I feel like I 'm wasting my time and money. When do you usually feel like you 'm wasting your time and money? I feel like I waste my time a lot of the time. Good, tell me more about these feelings. I do n't know what to do about it. Can you elaborate on that?",e ,0.0,0.13711148500442505,,,,,,,,,
138,ELIZA,Well,Please tell me more.,"m good enough. Please tell me more. I feel like I 'm wasting my time and money. When do you usually feel like you 'm wasting your time and money? I feel like I waste my time a lot of the time. Good, tell me more about these feelings. I do n't know what to do about it. Can you elaborate on that? Well",",  tell  me  more ",0.511757998727262,0.958658367395401,,,,,,,,,
139,BLENDERBOT,Please tell me more.,Well I 'm not sure if I 'm going to be able to get the job.," tell me more. I feel like I 'm wasting my time and money. When do you usually feel like you 'm wasting your time and money? I feel like I waste my time a lot of the time. Good, tell me more about these feelings. I do n't know what to do about it. Can you elaborate on that? Well Please tell me more.", but  i  am  not  sure  if  i  am  going  to  be  able  to  get  a  money ,0.6375509635545313,0.8060384872369468,,,,,,,,,
140,ELIZA,Well I 'm not sure if I 'm going to be able to get the job.,I see.,"hen do you usually feel like you 'm wasting your time and money? I feel like I waste my time a lot of the time. Good, tell me more about these feelings. I do n't know what to do about it. Can you elaborate on that? Well Please tell me more. Well I 'm not sure if I 'm going to be able to get the job.", i  ' ,0.22024664282798767,0.26991286501288414,,,,,,,,,
141,BLENDERBOT,I see.,Yeah,"you usually feel like you 'm wasting your time and money? I feel like I waste my time a lot of the time. Good, tell me more about these feelings. I do n't know what to do about it. Can you elaborate on that? Well Please tell me more. Well I 'm not sure if I 'm going to be able to get the job. I see.",i ,0.0,0.0742054432630539,,,,,,,,,
142,ELIZA,Yeah,yeah.,"sually feel like you 'm wasting your time and money? I feel like I waste my time a lot of the time. Good, tell me more about these feelings. I do n't know what to do about it. Can you elaborate on that? Well Please tell me more. Well I 'm not sure if I 'm going to be able to get the job. I see. Yeah",", ",0.0,0.41558483242988586,,,,,,,,,
143,BLENDERBOT,yeah.,Yeah I 'm not sure what I 'm going to do with my life now.," feel like you 'm wasting your time and money? I feel like I waste my time a lot of the time. Good, tell me more about these feelings. I do n't know what to do about it. Can you elaborate on that? Well Please tell me more. Well I 'm not sure if I 'm going to be able to get the job. I see. Yeah yeah.", also  i  am  not  sure  what  i  am  going  to  do  with  my  time . ,0.6921312894672156,0.8850588421026866,,,,,,,,,
144,ELIZA,Yeah I 'm not sure what I 'm going to do with my life now.,I see.,"I waste my time a lot of the time. Good, tell me more about these feelings. I do n't know what to do about it. Can you elaborate on that? Well Please tell me more. Well I 'm not sure if I 'm going to be able to get the job. I see. Yeah yeah. Yeah I 'm not sure what I 'm going to do with my life now.", i  ' ,0.48120659589767456,0.5546407923102379,,,,,,,,,
145,BLENDERBOT,I see.,Yeah," my time a lot of the time. Good, tell me more about these feelings. I do n't know what to do about it. Can you elaborate on that? Well Please tell me more. Well I 'm not sure if I 'm going to be able to get the job. I see. Yeah yeah. Yeah I 'm not sure what I 'm going to do with my life now. I see.", i ,0.010058055631816387,0.04799681529402733,,,,,,,,,
146,ELIZA,Yeah,I see.  And what does that tell you?,"ime a lot of the time. Good, tell me more about these feelings. I do n't know what to do about it. Can you elaborate on that? Well Please tell me more. Well I 'm not sure if I 'm going to be able to get the job. I see. Yeah yeah. Yeah I 'm not sure what I 'm going to do with my life now. I see. Yeah"," i  guess  "" ia  what  does  he  tell  you ",0.39077554643154144,0.5062613412737846,,,,,,,,,
147,BLENDERBOT,I see.  And what does that tell you?,Yeah I 'm not sure what I 'm going to do with my life now.,more about these feelings. I do n't know what to do about it. Can you elaborate on that? Well Please tell me more. Well I 'm not sure if I 'm going to be able to get the job. I see. Yeah yeah. Yeah I 'm not sure what I 'm going to do with my life now. I see. Yeah I see.  And what does that tell you?, yeah  i  am  not  sure  what  i  am  going  to  do  with  my  life  now ,0.7626902690778176,0.9159818649291992,,,,,,,,,
148,ELIZA,Yeah I 'm not sure what I 'm going to do with my life now.,How do you feel when you say that?,t. Can you elaborate on that? Well Please tell me more. Well I 'm not sure if I 'm going to be able to get the job. I see. Yeah yeah. Yeah I 'm not sure what I 'm going to do with my life now. I see. Yeah I see.  And what does that tell you? Yeah I 'm not sure what I 'm going to do with my life now., how  do  you  feel  when  you  hear  you ,0.6650666855275631,0.7823431603610516,,,,,,,,,
149,BLENDERBOT,How do you feel when you say that?,I feel like I need to do something about it,Please tell me more. Well I 'm not sure if I 'm going to be able to get the job. I see. Yeah yeah. Yeah I 'm not sure what I 'm going to do with my life now. I see. Yeah I see.  And what does that tell you? Yeah I 'm not sure what I 'm going to do with my life now. How do you feel when you say that?, i  feel  like  i  need  to  do  something  about  that ,0.8434110879898071,0.8480876296758652,,,,,,,,,
150,ELIZA,I feel like I need to do something about it,When do you usually feel like you need to do something about it?, 'm going to be able to get the job. I see. Yeah yeah. Yeah I 'm not sure what I 'm going to do with my life now. I see. Yeah I see.  And what does that tell you? Yeah I 'm not sure what I 'm going to do with my life now. How do you feel when you say that? I feel like I need to do something about it,.  do  you  really  feel  like  you  need  to  do  something  about  something ,0.726425862351719,0.836849393752905,,,,,,,,,
151,BLENDERBOT,When do you usually feel like you need to do something about it?,I feel like I need to do something about it but I do n't know what to do.,not sure what I 'm going to do with my life now. I see. Yeah I see.  And what does that tell you? Yeah I 'm not sure what I 'm going to do with my life now. How do you feel when you say that? I feel like I need to do something about it When do you usually feel like you need to do something about it?, i  feel  like  i  need  to  do  something  about  it  but  i  do  not  know  what  to  do ,0.8521215783225166,0.9609464969899919,,,,,,,,,
152,ELIZA,I feel like I need to do something about it but I do n't know what to do.,"Good, tell me more about these feelings.",hat does that tell you? Yeah I 'm not sure what I 'm going to do with my life now. How do you feel when you say that? I feel like I need to do something about it When do you usually feel like you need to do something about it? I feel like I need to do something about it but I do n't know what to do., please  tell  me  more  about  your  things ,0.5377292861147518,0.7903075409787041,,,,,,,,,
153,BLENDERBOT,"Good, tell me more about these feelings.",Well,"e what I 'm going to do with my life now. How do you feel when you say that? I feel like I need to do something about it When do you usually feel like you need to do something about it? I feel like I need to do something about it but I do n't know what to do. Good, tell me more about these feelings.",e ,0.0,0.12065693736076355,,,,,,,,,
154,ELIZA,Well,Can you elaborate on that?,"t I 'm going to do with my life now. How do you feel when you say that? I feel like I need to do something about it When do you usually feel like you need to do something about it? I feel like I need to do something about it but I do n't know what to do. Good, tell me more about these feelings. Well", can  you  elaborate  on  this ,0.6934496402740479,0.7393398225307465,,,,,,,,,
155,BLENDERBOT,Can you elaborate on that?,Well I 'm not sure what to tell you.,"life now. How do you feel when you say that? I feel like I need to do something about it When do you usually feel like you need to do something about it? I feel like I need to do something about it but I do n't know what to do. Good, tell me more about these feelings. Well Can you elaborate on that?",?  i  am  not  sure  what  to  tell  you ,0.6259390416606847,0.8312755773464838,,,,,,,,,
156,ELIZA,Well I 'm not sure what to tell you.,I see.,"y that? I feel like I need to do something about it When do you usually feel like you need to do something about it? I feel like I need to do something about it but I do n't know what to do. Good, tell me more about these feelings. Well Can you elaborate on that? Well I 'm not sure what to tell you.", i  just ,0.3600992262363434,0.4450470209121704,,,,,,,,,
157,BLENDERBOT,I see.,I do n't want to ruin our friendship.," I feel like I need to do something about it When do you usually feel like you need to do something about it? I feel like I need to do something about it but I do n't know what to do. Good, tell me more about these feelings. Well Can you elaborate on that? Well I 'm not sure what to tell you. I see.", i  do  not  want  to  ruin  our  relationship ,0.5844509601593018,0.7775174900889397,,,,,,,,,
158,ELIZA,I do n't want to ruin our friendship.,Why do you say that you do n't want to ruin our friendship?,"out it When do you usually feel like you need to do something about it? I feel like I need to do something about it but I do n't know what to do. Good, tell me more about these feelings. Well Can you elaborate on that? Well I 'm not sure what to tell you. I see. I do n't want to ruin our friendship.", why  do  you  say  that  you  do  not  want  to  ruin  our  friendship ,0.7475932653133686,0.8990969245250409,,,,,,,,,
159,BLENDERBOT,Why do you say that you do n't want to ruin our friendship?,I do n't know,"g about it? I feel like I need to do something about it but I do n't know what to do. Good, tell me more about these feelings. Well Can you elaborate on that? Well I 'm not sure what to tell you. I see. I do n't want to ruin our friendship. Why do you say that you do n't want to ruin our friendship?", i  do  not  know ,0.5650494396686554,0.8113556355237961,,,,,,,,,
160,ELIZA,I do n't know,you do n't know.,"feel like I need to do something about it but I do n't know what to do. Good, tell me more about these feelings. Well Can you elaborate on that? Well I 'm not sure what to tell you. I see. I do n't want to ruin our friendship. Why do you say that you do n't want to ruin our friendship? I do n't know", i  do  not  know ,0.2529321233741939,0.6611379869282246,,,,,,,,,
161,BLENDERBOT,you do n't know.,I do n't know I guess I just feel like I 'm not good enough for her.,"to do something about it but I do n't know what to do. Good, tell me more about these feelings. Well Can you elaborate on that? Well I 'm not sure what to tell you. I see. I do n't want to ruin our friendship. Why do you say that you do n't want to ruin our friendship? I do n't know you do n't know.", i  do  not  know  i  guess  i  just  feel  like  i  am  not  good  enough  for  you ,0.7165712502730244,0.8442200755371767,,,,,,,,,
162,ELIZA,I do n't know I guess I just feel like I 'm not good enough for her.,I see.  And what does that tell you?,more about these feelings. Well Can you elaborate on that? Well I 'm not sure what to tell you. I see. I do n't want to ruin our friendship. Why do you say that you do n't want to ruin our friendship? I do n't know you do n't know. I do n't know I guess I just feel like I 'm not good enough for her., i  guess well ia  what  does  she  tell  you ,0.37752963105837506,0.5371628867255317,,,,,,,,,
163,BLENDERBOT,I see.  And what does that tell you?,It tells me that I need to get my life in order and that I am ready for the next step.,ou elaborate on that? Well I 'm not sure what to tell you. I see. I do n't want to ruin our friendship. Why do you say that you do n't want to ruin our friendship? I do n't know you do n't know. I do n't know I guess I just feel like I 'm not good enough for her. I see.  And what does that tell you?, it  tells  me  that  i  need  to  get  my  stuff  in  order  and  that  i  am  ready  for  the  next  step ,0.7933900852998098,0.8029010292320025,,,,,,,,,
164,ELIZA,It tells me that I need to get my life in order and that I am ready for the next step.,How do you feel when you say that?, our friendship. Why do you say that you do n't want to ruin our friendship? I do n't know you do n't know. I do n't know I guess I just feel like I 'm not good enough for her. I see.  And what does that tell you? It tells me that I need to get my life in order and that I am ready for the next step., how  do  you  feel  when  you  hear  that ,0.6818254892714322,0.8173944391310215,,,,,,,,,
165,BLENDERBOT,How do you feel when you say that?,I feel like I need to do something about it,t you do n't want to ruin our friendship? I do n't know you do n't know. I do n't know I guess I just feel like I 'm not good enough for her. I see.  And what does that tell you? It tells me that I need to get my life in order and that I am ready for the next step. How do you feel when you say that?, i  feel  like  i  need  to  do  something  about  that ,0.8311075910925865,0.8651732861995697,,,,,,,,,
166,ELIZA,I feel like I need to do something about it,"When you feel like you need to do something about it, what do you do?",do n't know you do n't know. I do n't know I guess I just feel like I 'm not good enough for her. I see.  And what does that tell you? It tells me that I need to get my life in order and that I am ready for the next step. How do you feel when you say that? I feel like I need to do something about it,.  you  feel  like  you  need  to  do  something  about  it  what  do  you  feel ,0.7457576796412468,0.8316680570443471,,,,,,,,,
167,BLENDERBOT,"When you feel like you need to do something about it, what do you do?",I feel like I need to do something about it but I do n't know what to do.,"'m not good enough for her. I see.  And what does that tell you? It tells me that I need to get my life in order and that I am ready for the next step. How do you feel when you say that? I feel like I need to do something about it When you feel like you need to do something about it, what do you do?", i  feel  like  i  need  to  do  something  about  it  but  i  do  not  know  what  to  do ,0.8536625769403245,0.9635756313800812,,,,,,,,,
168,ELIZA,I feel like I need to do something about it but I do n't know what to do.,Do you often feel like you need to do something about it but you do n't know what to do?,"me that I need to get my life in order and that I am ready for the next step. How do you feel when you say that? I feel like I need to do something about it When you feel like you need to do something about it, what do you do? I feel like I need to do something about it but I do n't know what to do.",do  you  really  feel  like  you  need  to  do  something  about  it  but  you  do  not  know  what  to  do ,0.7997702836990357,0.9222479686141014,,,,,,,,,
169,BLENDERBOT,Do you often feel like you need to do something about it but you do n't know what to do?,Yes,"feel when you say that? I feel like I need to do something about it When you feel like you need to do something about it, what do you do? I feel like I need to do something about it but I do n't know what to do. Do you often feel like you need to do something about it but you do n't know what to do?", i ,0.0,0.28729116916656494,,,,,,,,,
170,ELIZA,Yes,You seem quite sure.," when you say that? I feel like I need to do something about it When you feel like you need to do something about it, what do you do? I feel like I need to do something about it but I do n't know what to do. Do you often feel like you need to do something about it but you do n't know what to do? Yes", you  am  not  angry ,0.1727398196235299,0.4740433692932129,,,,,,,,,
171,BLENDERBOT,You seem quite sure.,Yes I feel like I need to.," feel like I need to do something about it When you feel like you need to do something about it, what do you do? I feel like I need to do something about it but I do n't know what to do. Do you often feel like you need to do something about it but you do n't know what to do? Yes You seem quite sure.",sometimes  i  feel  like  i  need  to ,0.7267308639628547,0.8553667111056191,,,,,,,,,
172,ELIZA,Yes I feel like I need to.,"OK, but can you elaborate a bit?","ething about it When you feel like you need to do something about it, what do you do? I feel like I need to do something about it but I do n't know what to do. Do you often feel like you need to do something about it but you do n't know what to do? Yes You seem quite sure. Yes I feel like I need to.", something  so  can  you  elaborate  a  little ,0.4485689901879856,0.6715840484414782,,,,,,,,,
173,BLENDERBOT,"OK, but can you elaborate a bit?",I do n't know how to do it though.,"e you need to do something about it, what do you do? I feel like I need to do something about it but I do n't know what to do. Do you often feel like you need to do something about it but you do n't know what to do? Yes You seem quite sure. Yes I feel like I need to. OK, but can you elaborate a bit?", i  do  not  know  how  to  explain  it . ,0.5480043068528175,0.7625256776809692,,,,,,,,,
174,ELIZA,I do n't know how to do it though.,I see.,", what do you do? I feel like I need to do something about it but I do n't know what to do. Do you often feel like you need to do something about it but you do n't know what to do? Yes You seem quite sure. Yes I feel like I need to. OK, but can you elaborate a bit? I do n't know how to do it though.", i  do ,0.4308221936225891,0.4980463311076164,,,,,,,,,
175,BLENDERBOT,I see.,Yeah,"do you do? I feel like I need to do something about it but I do n't know what to do. Do you often feel like you need to do something about it but you do n't know what to do? Yes You seem quite sure. Yes I feel like I need to. OK, but can you elaborate a bit? I do n't know how to do it though. I see.", i ,0.0,0.10263007879257202,,,,,,,,,
176,ELIZA,Yeah,yeah.,"u do? I feel like I need to do something about it but I do n't know what to do. Do you often feel like you need to do something about it but you do n't know what to do? Yes You seem quite sure. Yes I feel like I need to. OK, but can you elaborate a bit? I do n't know how to do it though. I see. Yeah", i ,0.0,0.4255523085594177,,,,,,,,,
177,BLENDERBOT,yeah.,Yeah I 'm not sure what I 'm going to do with my life now.,"I feel like I need to do something about it but I do n't know what to do. Do you often feel like you need to do something about it but you do n't know what to do? Yes You seem quite sure. Yes I feel like I need to. OK, but can you elaborate a bit? I do n't know how to do it though. I see. Yeah yeah.", and  i  am  not  sure  what  i  am  going  to  do  with  my  life . ,0.7191761123637358,0.8787603398164113,,,,,,,,,
178,ELIZA,Yeah I 'm not sure what I 'm going to do with my life now.,Let's change focus a bit... Tell me about your family.,"ow what to do. Do you often feel like you need to do something about it but you do n't know what to do? Yes You seem quite sure. Yes I feel like I need to. OK, but can you elaborate a bit? I do n't know how to do it though. I see. Yeah yeah. Yeah I 'm not sure what I 'm going to do with my life now.", lets  just  topics  a  bit  tell  me  about  your  life ,0.4711927809519693,0.7260552197694778,,,,,,,,,
179,BLENDERBOT,Let's change focus a bit... Tell me about your family.,My family is very supportive.,"mething about it but you do n't know what to do? Yes You seem quite sure. Yes I feel like I need to. OK, but can you elaborate a bit? I do n't know how to do it though. I see. Yeah yeah. Yeah I 'm not sure what I 'm going to do with my life now. Let's change focus a bit... Tell me about your family.", my  family  is  very  interesting ,0.5781355023384094,0.6048141747713089,,,,,,,,,
180,ELIZA,My family is very supportive.,Why do you say that your family is very supportive?,"t know what to do? Yes You seem quite sure. Yes I feel like I need to. OK, but can you elaborate a bit? I do n't know how to do it though. I see. Yeah yeah. Yeah I 'm not sure what I 'm going to do with my life now. Let's change focus a bit... Tell me about your family. My family is very supportive.", why  would  you  think  that  your  family  is  very  supportive ,0.6414701282978058,0.7676078677177429,,,,,,,,,
181,BLENDERBOT,Why do you say that your family is very supportive?,They are always there for me when I need them.,"el like I need to. OK, but can you elaborate a bit? I do n't know how to do it though. I see. Yeah yeah. Yeah I 'm not sure what I 'm going to do with my life now. Let's change focus a bit... Tell me about your family. My family is very supportive. Why do you say that your family is very supportive?", they  are  always  there  for  me  when  i  need  them ,0.8724368214607239,0.9196136057376861,,,,,,,,,
182,ELIZA,They are always there for me when I need them.,How does that make you feel?,bit? I do n't know how to do it though. I see. Yeah yeah. Yeah I 'm not sure what I 'm going to do with my life now. Let's change focus a bit... Tell me about your family. My family is very supportive. Why do you say that your family is very supportive? They are always there for me when I need them.,how  does  that  make  you  feel ,0.7469836970170339,0.8333529829978943,,,,,,,,,
183,BLENDERBOT,How does that make you feel?,It makes me feel like I need to do something about it.,it though. I see. Yeah yeah. Yeah I 'm not sure what I 'm going to do with my life now. Let's change focus a bit... Tell me about your family. My family is very supportive. Why do you say that your family is very supportive? They are always there for me when I need them. How does that make you feel?, it  makes  me  feel  like  i  need  to  do  something  about  it ,0.8635238508383433,0.8946966131528219,,,,,,,,,
184,ELIZA,It makes me feel like I need to do something about it.,How do you feel when you say that?,'m going to do with my life now. Let's change focus a bit... Tell me about your family. My family is very supportive. Why do you say that your family is very supportive? They are always there for me when I need them. How does that make you feel? It makes me feel like I need to do something about it., how  do  you  feel  when  you  hear  that ,0.641132938908413,0.7999585643410683,,,,,,,,,
185,BLENDERBOT,How do you feel when you say that?,I do n't know what to do.,t's change focus a bit... Tell me about your family. My family is very supportive. Why do you say that your family is very supportive? They are always there for me when I need them. How does that make you feel? It makes me feel like I need to do something about it. How do you feel when you say that?, i  do  not  know  what  to  do ,0.650840299470084,0.8643662929534912,,,,,,,,,
186,ELIZA,I do n't know what to do.,I see.,Tell me about your family. My family is very supportive. Why do you say that your family is very supportive? They are always there for me when I need them. How does that make you feel? It makes me feel like I need to do something about it. How do you feel when you say that? I do n't know what to do., i  do ,0.39578405022621155,0.5064385533332825,,,,,,,,,
187,BLENDERBOT,I see.,Yeah, about your family. My family is very supportive. Why do you say that your family is very supportive? They are always there for me when I need them. How does that make you feel? It makes me feel like I need to do something about it. How do you feel when you say that? I do n't know what to do. I see.,i ,0.0,0.10991117358207703,,,,,,,,,
188,ELIZA,Yeah,Please tell me more.,t your family. My family is very supportive. Why do you say that your family is very supportive? They are always there for me when I need them. How does that make you feel? It makes me feel like I need to do something about it. How do you feel when you say that? I do n't know what to do. I see. Yeah,.  tell  me  more ,0.3905996307730675,0.5006025284528732,,,,,,,,,
189,BLENDERBOT,Please tell me more.,Yeah I 'm not sure what I 'm going to do with my life now.,ily is very supportive. Why do you say that your family is very supportive? They are always there for me when I need them. How does that make you feel? It makes me feel like I need to do something about it. How do you feel when you say that? I do n't know what to do. I see. Yeah Please tell me more., because  i  am  not  sure  what  i  am  going  to  do  with  my  life . ,0.7231423814160128,0.8928839549422264,,,,,,,,,
190,ELIZA,Yeah I 'm not sure what I 'm going to do with my life now.,Let's change focus a bit... Tell me about your family.,very supportive? They are always there for me when I need them. How does that make you feel? It makes me feel like I need to do something about it. How do you feel when you say that? I do n't know what to do. I see. Yeah Please tell me more. Yeah I 'm not sure what I 'm going to do with my life now., lets  just  topics  a  little  tell  me  about  your  life ,0.4604826192953624,0.721277330815792,,,,,,,,,
191,BLENDERBOT,Let's change focus a bit... Tell me about your family.,My family is very supportive.,ed them. How does that make you feel? It makes me feel like I need to do something about it. How do you feel when you say that? I do n't know what to do. I see. Yeah Please tell me more. Yeah I 'm not sure what I 'm going to do with my life now. Let's change focus a bit... Tell me about your family., my  family  is  very  dysfunctional ,0.6102675795555115,0.6622556865215301,,,,,,,,,
192,ELIZA,My family is very supportive.,"When your family is very supportive, how do you feel?",u feel? It makes me feel like I need to do something about it. How do you feel when you say that? I do n't know what to do. I see. Yeah Please tell me more. Yeah I 'm not sure what I 'm going to do with my life now. Let's change focus a bit... Tell me about your family. My family is very supportive., if  your  family  is  not  supportive  how  do  you  feel ,0.5862683206796646,0.8657626271247864,,,,,,,,,
193,BLENDERBOT,"When your family is very supportive, how do you feel?",They are always there for me when I need them.,"bout it. How do you feel when you say that? I do n't know what to do. I see. Yeah Please tell me more. Yeah I 'm not sure what I 'm going to do with my life now. Let's change focus a bit... Tell me about your family. My family is very supportive. When your family is very supportive, how do you feel?", they  are  always  there  for  me  when  i  need  them ,0.8638369798660278,0.9260744214057922,,,,,,,,,
194,ELIZA,They are always there for me when I need them.,How does that make you feel?,"o n't know what to do. I see. Yeah Please tell me more. Yeah I 'm not sure what I 'm going to do with my life now. Let's change focus a bit... Tell me about your family. My family is very supportive. When your family is very supportive, how do you feel? They are always there for me when I need them.",how  does  that  make  you  feel ,0.7694202363491058,0.9214396278063456,,,,,,,,,
195,BLENDERBOT,How does that make you feel?,It makes me feel like I need to do something about it.," Yeah Please tell me more. Yeah I 'm not sure what I 'm going to do with my life now. Let's change focus a bit... Tell me about your family. My family is very supportive. When your family is very supportive, how do you feel? They are always there for me when I need them. How does that make you feel?", it  makes  me  feel  like  i  need  to  do  something  about  that ,0.8703907529513041,0.8951793114344279,,,,,,,,,
196,ELIZA,It makes me feel like I need to do something about it.,Very interesting.," going to do with my life now. Let's change focus a bit... Tell me about your family. My family is very supportive. When your family is very supportive, how do you feel? They are always there for me when I need them. How does that make you feel? It makes me feel like I need to do something about it.", very  true ,0.20795787870883942,0.2924404665827751,,,,,,,,,
197,BLENDERBOT,Very interesting.,I do n't know what to do.,"my life now. Let's change focus a bit... Tell me about your family. My family is very supportive. When your family is very supportive, how do you feel? They are always there for me when I need them. How does that make you feel? It makes me feel like I need to do something about it. Very interesting.",i  do  not  know  what  to  do ,0.6444219265665326,0.8635377713612148,,,,,,,,,
198,ELIZA,I do n't know what to do.,you do n't know what to do.,"focus a bit... Tell me about your family. My family is very supportive. When your family is very supportive, how do you feel? They are always there for me when I need them. How does that make you feel? It makes me feel like I need to do something about it. Very interesting. I do n't know what to do.", i  do  not  know  what  to  do ,0.5726709738373756,0.9731602328164237,,,,,,,,,
199,BLENDERBOT,you do n't know what to do.,I 'm not sure what I can do.," your family. My family is very supportive. When your family is very supportive, how do you feel? They are always there for me when I need them. How does that make you feel? It makes me feel like I need to do something about it. Very interesting. I do n't know what to do. you do n't know what to do.", i  am  not  sure  what  i  should  do ,0.6005930054234341,0.9241664260625839,,,,,,,,,
200,ELIZA,I 'm not sure what I can do.,Very interesting.,"ry supportive. When your family is very supportive, how do you feel? They are always there for me when I need them. How does that make you feel? It makes me feel like I need to do something about it. Very interesting. I do n't know what to do. you do n't know what to do. I 'm not sure what I can do.", very  interesting ,0.4306671917438507,0.7742190062999725,,,,,,,,,
201,BLENDERBOT,Very interesting.,I do n't know how to get out of this situation.,"n your family is very supportive, how do you feel? They are always there for me when I need them. How does that make you feel? It makes me feel like I need to do something about it. Very interesting. I do n't know what to do. you do n't know what to do. I 'm not sure what I can do. Very interesting.", i  do  not  know  how  to  get  out  of  this  situation ,0.746911883354187,0.883126670664007,,,,,,,,,
202,ELIZA,I do n't know how to get out of this situation.,Let's change focus a bit... Tell me about your family.,l? They are always there for me when I need them. How does that make you feel? It makes me feel like I need to do something about it. Very interesting. I do n't know what to do. you do n't know what to do. I 'm not sure what I can do. Very interesting. I do n't know how to get out of this situation., lets  just  topics  a  little  tell  me  about  your  life ,0.4613824613566976,0.6925839345902205,,,,,,,,,
203,BLENDERBOT,Let's change focus a bit... Tell me about your family.,My family is very supportive.,oes that make you feel? It makes me feel like I need to do something about it. Very interesting. I do n't know what to do. you do n't know what to do. I 'm not sure what I can do. Very interesting. I do n't know how to get out of this situation. Let's change focus a bit... Tell me about your family., my  family  is  very  dysfunctional ,0.6247819900512696,0.6751286745071411,,,,,,,,,
204,ELIZA,My family is very supportive.,"I see, your family is very supportive.",es me feel like I need to do something about it. Very interesting. I do n't know what to do. you do n't know what to do. I 'm not sure what I can do. Very interesting. I do n't know how to get out of this situation. Let's change focus a bit... Tell me about your family. My family is very supportive., i  think  your  family  is  very  supportive ,0.5757243122373309,0.7328996743474688,,,,,,,,,
205,BLENDERBOT,"I see, your family is very supportive.",They are always there for me when I need them.,"about it. Very interesting. I do n't know what to do. you do n't know what to do. I 'm not sure what I can do. Very interesting. I do n't know how to get out of this situation. Let's change focus a bit... Tell me about your family. My family is very supportive. I see, your family is very supportive.", they  are  always  there  for  me  when  i  need  them ,0.8676641941070556,0.9155129313468933,,,,,,,,,
206,ELIZA,They are always there for me when I need them.,Can you elaborate on that?,"to do. you do n't know what to do. I 'm not sure what I can do. Very interesting. I do n't know how to get out of this situation. Let's change focus a bit... Tell me about your family. My family is very supportive. I see, your family is very supportive. They are always there for me when I need them.", can  you  elaborate  on  the ,0.7007113099098206,0.7340170502662658,,,,,,,,,
